{
  "model_name": "ae",
  "metadata": {
    "epochs": 2,
    "batch_size": 32,
    "lr": 0.001,
    "patience": 10,
    "satellite": "sentinel2",
    "train_size": 59187,
    "val_size": 7398,
    "device": "cuda"
  },
  "epochs": [
    {
      "epoch": 1,
      "train_loss": 0.017476274936882467,
      "val_loss": 0.01386346694038716,
      "val_psnr": 19.788569604663238,
      "val_ssim": 0.25338418781757355,
      "val_rmse": 0.11006978123101115
    },
    {
      "epoch": 2,
      "train_loss": 0.012006201375063927,
      "val_loss": 0.015580142101171727,
      "val_psnr": 19.478605821431685,
      "val_ssim": 0.2529848197591491,
      "val_rmse": 0.11568326779149073
    }
  ]
}
