{
  "model_name": "gan",
  "metadata": {
    "epochs": 2,
    "batch_size": 16,
    "lr": 0.0002,
    "lambda_l1": 10.0,
    "lambda_adv": 0.1,
    "patience": 15,
    "satellite": "sentinel2",
    "train_size": 59187,
    "val_size": 7398,
    "device": "cuda"
  },
  "epochs": [
    {
      "epoch": 1,
      "train_g_loss": 0.9242332388429141,
      "train_d_loss": 0.5325344666411402,
      "train_g_adv": 2.1098198854029184,
      "train_g_recon": 0.07132512448658271,
      "val_loss": 0.06310733304708736,
      "val_psnr": 21.90059048684866,
      "val_ssim": 0.322963182348758,
      "val_rmse": 0.08857728156404,
      "val_pixel_acc_002": 0.13433261461568388,
      "val_f1_002": 0.2368487212389574,
      "val_pixel_acc_005": 0.5719172617516931,
      "val_f1_005": 0.727668402997709,
      "val_pixel_acc_01": 0.8381503900197153,
      "val_f1_01": 0.9119497453205943
    },
    {
      "epoch": 2,
      "train_g_loss": 0.9229376860807483,
      "train_d_loss": 0.48694194790994205,
      "train_g_adv": 2.9803948928773005,
      "train_g_recon": 0.06248981900448847,
      "val_loss": 0.06324672789010012,
      "val_psnr": 21.991001286350226,
      "val_ssim": 0.316915788105689,
      "val_rmse": 0.08779205850810268,
      "val_pixel_acc_002": 0.12908564608760442,
      "val_f1_002": 0.22865518932934661,
      "val_pixel_acc_005": 0.562006540989984,
      "val_f1_005": 0.7195956306735949,
      "val_pixel_acc_01": 0.8403434679115649,
      "val_f1_01": 0.9132463396793999
    }
  ]
}
