{
  "model_name": "vae",
  "metadata": {
    "epochs": 1,
    "batch_size": 32,
    "lr": 0.001,
    "beta": 0.001,
    "patience": 10,
    "satellite": "sentinel2",
    "train_size": 59187,
    "val_size": 7398,
    "device": "cuda"
  },
  "epochs": [
    {
      "epoch": 1,
      "train_loss": 0.04099770846119733,
      "train_recon_loss": 0.017419717528604724,
      "train_kl_loss": 23.577989287856326,
      "val_loss": 0.013009661587549886,
      "val_recon_loss": 0.012372196819678565,
      "val_kl_loss": 0.6374647165672558,
      "val_psnr": 20.520665036578844,
      "val_ssim": 0.2658980406122282,
      "val_rmse": 0.1026203101214973,
      "val_pixel_acc_002": 0.07426331440929983,
      "val_f1_002": 0.138259053275285,
      "val_pixel_acc_005": 0.42394153990201705,
      "val_f1_005": 0.5954479562850438,
      "val_pixel_acc_01": 0.7664589638597116,
      "val_f1_01": 0.8677914172260184
    }
  ]
}
